game_pk,game_date,pitch_id,inning,ab_number,pitch_number,batter,pitcher,pitch_name,pitch_velocity,pitch_call,pitch_in_zone,at_bat_eventual_result,at_bat_eventual_desc,dist_from_sz_center_inches,dist_from_sz_edge_inches,inside_margin_inches,zone,px,pz,sz_bot,sz_top,team_role
823812,2026-03-26,f85232c2-1a50-3e13-9b29-61a3ce5cb713,1,5,1,Brice Turang,Shane Smith,4-Seam Fastball,95.6,ball,False,Double,Brice Turang doubles (1) on a sharp line drive to center fielder Luisangel Acuña.,6.910248936922975,5.460248936922975,0.0,12,1.2838540780769145,3.2002675885700684,1.62,3.21,thrown_to_brewers
823812,2026-03-26,3c33c3bb-ea7f-31c6-bae7-ea2f83c4fe0c,1,5,2,Brice Turang,Shane Smith,4-Seam Fastball,95.2,ball,False,Double,Brice Turang doubles (1) on a sharp line drive to center fielder Luisangel Acuña.,19.02830968085217,17.578309680852172,0.0,11,-2.288374246096987,3.339760789472696,1.62,3.21,thrown_to_brewers
823812,2026-03-26,5893c4c0-99c9-307f-ad67-e5bf473c2cfe,1,5,3,Brice Turang,Shane Smith,Changeup,89.7,called_strike,True,Double,Brice Turang doubles (1) on a sharp line drive to center fielder Luisangel Acuña.,0.0,-1.45,2.6647353605492023,1,-0.36510538662089975,2.854355266009128,1.62,3.21,thrown_to_brewers
823812,2026-03-26,a1b4c12d-c0d8-36fa-be32-adb1c89a12e7,1,5,4,Brice Turang,Shane Smith,Changeup,91.4,called_strike,True,Double,Brice Turang doubles (1) on a sharp line drive to center fielder Luisangel Acuña.,0.0,-1.45,1.3745535924673107,7,-0.4179292338812588,1.8553794660389427,1.62,3.21,thrown_to_brewers
823812,2026-03-26,4e14e0a5-5380-3e1b-a1fa-991339b06bf6,1,5,5,Brice Turang,Shane Smith,4-Seam Fastball,96.6,ball,False,Double,Brice Turang doubles (1) on a sharp line drive to center fielder Luisangel Acuña.,9.092475252143707,7.642475252143706,0.0,11,-1.4645334355842072,3.252142068933897,1.62,3.21,thrown_to_brewers
823812,2026-03-26,f9ea572d-04e4-3487-8b48-49eb04d00015,1,5,6,Brice Turang,Shane Smith,Changeup,91.6,hit_into_play,True,Double,Brice Turang doubles (1) on a sharp line drive to center fielder Luisangel Acuña.,0.0,-1.45,0.0,8,-0.2518659153506506,1.6262748981965824,1.62,3.21,thrown_to_brewers
823812,2026-03-26,c5107bfb-0708-3f83-b373-4d212fa8ca3f,1,6,1,William Contreras,Shane Smith,Sinker,96.8,foul,False,Pop Out,William Contreras pops out to shortstop Colson Montgomery.,5.21430899326719,3.76430899326719,0.0,11,-1.1425257494389325,3.094293813365133,1.581,3.133,thrown_to_brewers
823812,2026-03-26,a7cd7150-1bf1-3ec8-a21d-8fc2e7d4390e,1,6,2,William Contreras,Shane Smith,4-Seam Fastball,95.6,foul,False,Pop Out,William Contreras pops out to shortstop Colson Montgomery.,4.804734381611689,3.3547343816116886,0.0,12,1.108394531800974,2.8508095104341575,1.581,3.133,thrown_to_brewers
823812,2026-03-26,3bc12c7b-e5e7-39e1-9e9e-81d897634777,1,6,3,William Contreras,Shane Smith,Changeup,90.8,hit_into_play,True,Pop Out,William Contreras pops out to shortstop Colson Montgomery.,0.0,-1.45,1.1664670583712582,1,-0.4899610784690618,2.7764188998877914,1.581,3.133,thrown_to_brewers
823812,2026-03-26,73f2b445-ed75-370e-8ff5-ccfa98a2d01d,1,7,1,Christian Yelich,Shane Smith,4-Seam Fastball,95.2,called_strike,True,Groundout,"Christian Yelich grounds out, pitcher Shane Smith to shortstop Colson Montgomery to first baseman Munetaka Murakami. Brice Turang to 3rd.",0.0,-1.45,1.6283610563375603,6,0.4514699119718699,2.3455396437005014,1.7,3.368,thrown_to_brewers
823812,2026-03-26,598fab86-d5d4-36cf-854c-d976c6e6a106,1,7,2,Christian Yelich,Shane Smith,4-Seam Fastball,95.7,swinging_strike,True,Groundout,"Christian Yelich grounds out, pitcher Shane Smith to shortstop Colson Montgomery to first baseman Munetaka Murakami. Brice Turang to 3rd.",0.0,-1.45,4.919227252137053,5,0.1772310623219122,2.6810050666538356,1.7,3.368,thrown_to_brewers
823812,2026-03-26,d48cfb9d-84c4-3a1e-9d63-8ec52708c970,1,7,3,Christian Yelich,Shane Smith,4-Seam Fastball,95.9,foul,True,Groundout,"Christian Yelich grounds out, pitcher Shane Smith to shortstop Colson Montgomery to first baseman Munetaka Murakami. Brice Turang to 3rd.",0.0,-1.45,5.25929735109451,5,-0.14889188740879078,2.805774646303825,1.7,3.368,thrown_to_brewers
823812,2026-03-26,3cd0549b-cc72-3be1-a7a3-164ab2d6bc38,1,7,4,Christian Yelich,Shane Smith,Curveball,82.7,foul,True,Groundout,"Christian Yelich grounds out, pitcher Shane Smith to shortstop Colson Montgomery to first baseman Munetaka Murakami. Brice Turang to 3rd.",0.0,-1.45,1.3377941212733353,3,0.475683823227222,2.9677367628990656,1.7,3.368,thrown_to_brewers
823812,2026-03-26,a829da2b-c248-3cf9-ac7d-c4d879bc63a3,1,7,5,Christian Yelich,Shane Smith,4-Seam Fastball,97.0,foul,True,Groundout,"Christian Yelich grounds out, pitcher Shane Smith to shortstop Colson Montgomery to first baseman Munetaka Murakami. Brice Turang to 3rd.",0.0,-1.45,0.2557019939511395,9,0.5658581671707383,2.112434782858641,1.7,3.368,thrown_to_brewers
823812,2026-03-26,c94f10b5-91f1-3d61-8028-385e04676ea4,1,7,6,Christian Yelich,Shane Smith,Slider,90.9,hit_into_play,True,Groundout,"Christian Yelich grounds out, pitcher Shane Smith to shortstop Colson Montgomery to first baseman Munetaka Murakami. Brice Turang to 3rd.",0.642702292693774,-0.807297707306226,0.0,9,0.40680990354225943,1.6464414756088521,1.7,3.368,thrown_to_brewers
823812,2026-03-26,b36fceea-faea-3937-af0e-f6278dc6d19d,1,8,1,Andrew Vaughn,Shane Smith,Sinker,96.1,called_strike,True,Groundout,"Andrew Vaughn grounds out, shortstop Colson Montgomery to first baseman Munetaka Murakami.",0.0,-1.45,3.5674366792258114,4,-0.28988027673118233,2.6256493842347,1.579,3.128,thrown_to_brewers
823812,2026-03-26,6b832f3b-063d-3914-bb5c-d92bc72e91e4,1,8,2,Andrew Vaughn,Shane Smith,4-Seam Fastball,97.3,ball,False,Groundout,"Andrew Vaughn grounds out, shortstop Colson Montgomery to first baseman Munetaka Murakami.",21.63624448721002,20.18624448721002,0.0,14,2.5110203739341683,1.7990971636118336,1.579,3.128,thrown_to_brewers
823812,2026-03-26,c14b35d5-4e3c-309d-91ab-f191da3ab24f,1,8,3,Andrew Vaughn,Shane Smith,Changeup,90.5,hit_into_play,False,Groundout,"Andrew Vaughn grounds out, shortstop Colson Montgomery to first baseman Munetaka Murakami.",8.878076180054624,7.428076180054623,0.0,11,-1.4429537691218726,3.212886464344578,1.579,3.128,thrown_to_brewers
823812,2026-03-26,58ec82f3-aa45-33f5-a073-fcfd58900fe9,2,13,1,Jake Bauers,Shane Smith,Slider,88.1,called_strike,True,Strikeout,Jake Bauers strikes out swinging.,1.0056377123392526,-0.4443622876607474,0.0,3,0.37419254906585553,3.300803142694938,1.624,3.217,thrown_to_brewers
823812,2026-03-26,57f846c2-1bde-30c4-8b17-e189342e44ab,2,13,2,Jake Bauers,Shane Smith,4-Seam Fastball,96.8,ball,False,Strikeout,Jake Bauers strikes out swinging.,8.428399053065354,6.9783990530653535,0.0,14,0.19046782489292235,0.921633412244554,1.624,3.217,thrown_to_brewers
823812,2026-03-26,846e6097-7a29-3531-b5ea-5944d37e688f,2,13,3,Jake Bauers,Shane Smith,4-Seam Fastball,96.8,ball,False,Strikeout,Jake Bauers strikes out swinging.,2.4694320426415066,1.0194320426415067,0.0,14,0.9137860035534588,2.0196298790802105,1.624,3.217,thrown_to_brewers
823812,2026-03-26,da81e459-4ec9-303c-904c-27386ab4191e,2,13,4,Jake Bauers,Shane Smith,Slider,90.0,foul,True,Strikeout,Jake Bauers strikes out swinging.,0.0,-1.45,0.0,2,-0.13081620562773488,3.168310697714692,1.624,3.217,thrown_to_brewers
823812,2026-03-26,d4a0c8e8-38ae-33fa-aa43-9179a9027324,2,13,5,Jake Bauers,Shane Smith,Changeup,91.0,swinging_strike,False,Strikeout,Jake Bauers strikes out swinging.,7.781682675314867,6.331682675314867,0.0,14,0.0653230346539162,0.9755264437237612,1.624,3.217,thrown_to_brewers
823812,2026-03-26,41edbd8b-b9c9-3e2d-a878-8457dfd5b802,2,14,1,Sal Frelick,Shane Smith,4-Seam Fastball,95.4,called_strike,True,Walk,Sal Frelick walks.,0.9661496797677618,-0.48385032023223823,0.0,2,0.09204581908364595,3.1435124733139803,1.546,3.063,thrown_to_brewers
823812,2026-03-26,66cb81c3-2e04-3bd0-86b5-7ae762e1d23c,2,14,2,Sal Frelick,Shane Smith,Curveball,84.0,swinging_strike,False,Walk,Sal Frelick walks.,4.927124353043529,3.4771243530435285,0.0,14,0.09271277686099899,1.1354063039130393,1.546,3.063,thrown_to_brewers
823812,2026-03-26,6c0b014c-e3b1-3bd0-a35d-97fbb6329088,2,14,3,Sal Frelick,Shane Smith,4-Seam Fastball,94.8,ball,False,Walk,Sal Frelick walks.,7.195317944094663,5.745317944094663,0.0,11,-0.6119746686554732,3.6626098286745554,1.546,3.063,thrown_to_brewers
823812,2026-03-26,eaa17cec-48b1-3d7e-b5a8-cb402b232267,2,14,4,Sal Frelick,Shane Smith,4-Seam Fastball,95.3,ball,False,Walk,Sal Frelick walks.,13.77310077535884,12.323100775358839,0.0,11,-1.675330043550506,3.6807555559454346,1.546,3.063,thrown_to_brewers
823812,2026-03-26,13984580-bf58-35b3-bd67-5ca3165c3305,2,14,5,Sal Frelick,Shane Smith,Changeup,90.3,ball,False,Walk,Sal Frelick walks.,4.35521191905903,2.90521191905903,0.0,14,1.0640968934352875,1.475883469125991,1.546,3.063,thrown_to_brewers
823812,2026-03-26,6a6ea4a2-a563-3365-9de3-2b06a4d3a5d2,2,14,6,Sal Frelick,Shane Smith,4-Seam Fastball,96.7,ball,False,Walk,Sal Frelick walks.,5.488888251571957,4.038888251571957,0.0,11,-0.015160282119076385,3.5204073542976633,1.546,3.063,thrown_to_brewers
823812,2026-03-26,d517b815-2d27-34fc-a0cb-30f434ae431c,2,15,1,David Hamilton,Shane Smith,4-Seam Fastball,95.5,ball,False,Catcher Interference,David Hamilton reaches on catcher interference by Edgar Quero. Sal Frelick to 2nd. David Hamilton to 1st.,1.7572522361971181,0.3072522361971181,0.0,11,-0.6013338348065045,3.2814376863497596,1.582,3.135,thrown_to_brewers
823812,2026-03-26,6efcc0ed-abf8-3d1c-9392-9633b9866a81,2,15,2,David Hamilton,Shane Smith,Changeup,89.9,swinging_strike,False,Catcher Interference,David Hamilton reaches on catcher interference by Edgar Quero. Sal Frelick to 2nd. David Hamilton to 1st.,1.5736391557305671,0.12363915573056711,0.0,13,-0.5648650851477015,1.4508634036891195,1.582,3.135,thrown_to_brewers
823812,2026-03-26,f399da28-038d-3feb-88ca-db797b4042c0,2,15,3,David Hamilton,Shane Smith,4-Seam Fastball,96.0,foul,True,Catcher Interference,David Hamilton reaches on catcher interference by Edgar Quero. Sal Frelick to 2nd. David Hamilton to 1st.,0.0,-1.45,0.0,4,-0.6717601327839258,2.407900069594633,1.582,3.135,thrown_to_brewers
823812,2026-03-26,dee47398-9ef7-30bd-98e5-9bbfabfa8f01,2,15,4,David Hamilton,Shane Smith,4-Seam Fastball,95.6,foul,True,Catcher Interference,David Hamilton reaches on catcher interference by Edgar Quero. Sal Frelick to 2nd. David Hamilton to 1st.,0.0,-1.45,5.9949302311609545,5,-0.08009784675555509,2.5145891474032536,1.582,3.135,thrown_to_brewers
823812,2026-03-26,c2da39b8-4d3a-3fb1-8206-5ec31201b377,2,15,5,David Hamilton,Shane Smith,Changeup,91.0,foul,False,Catcher Interference,David Hamilton reaches on catcher interference by Edgar Quero. Sal Frelick to 2nd. David Hamilton to 1st.,3.677474504598769,2.227474504598769,0.0,14,0.16370982808613133,1.275543791283436,1.582,3.135,thrown_to_brewers
823812,2026-03-26,4101182e-e97b-3cac-ae4a-75389cb10bf4,2,15,6,David Hamilton,Shane Smith,4-Seam Fastball,95.7,foul,True,Catcher Interference,David Hamilton reaches on catcher interference by Edgar Quero. Sal Frelick to 2nd. David Hamilton to 1st.,0.19998562716657986,-1.25001437283342,0.0,4,-0.7246654689305483,2.1843842445873483,1.582,3.135,thrown_to_brewers
823812,2026-03-26,7572a91e-e404-32ec-a517-2baf85831cca,2,16,1,Garrett Mitchell,Shane Smith,Changeup,89.7,ball,False,Walk,Garrett Mitchell walks. Sal Frelick to 3rd. David Hamilton to 2nd.,9.243839575145442,7.793839575145442,0.0,13,-1.4783199645954535,1.84815658769887,1.662,3.293,thrown_to_brewers
823812,2026-03-26,fd591382-e1a6-3631-abfc-1d3c603e10f0,2,16,2,Garrett Mitchell,Shane Smith,4-Seam Fastball,96.5,swinging_strike,True,Walk,Garrett Mitchell walks. Sal Frelick to 3rd. David Hamilton to 2nd.,0.0,-1.45,0.0,4,-0.6083951825159428,2.3174356152853752,1.662,3.293,thrown_to_brewers
823812,2026-03-26,a942b18b-6814-3dd5-9cb4-e4ec49ead0f5,2,16,3,Garrett Mitchell,Shane Smith,4-Seam Fastball,95.5,ball,False,Walk,Garrett Mitchell walks. Sal Frelick to 3rd. David Hamilton to 2nd.,11.089801055219587,9.639801055219586,0.0,14,1.5109878588024868,1.2045463043695,1.662,3.293,thrown_to_brewers
823812,2026-03-26,55381c03-4611-3211-8367-e594cf30a52e,2,16,4,Garrett Mitchell,Shane Smith,Changeup,90.8,blocked_ball,False,Walk,Garrett Mitchell walks. Sal Frelick to 3rd. David Hamilton to 2nd.,12.930523964302022,11.480523964302023,0.0,14,0.6707132047216406,0.5844563363081647,1.662,3.293,thrown_to_brewers
823812,2026-03-26,ac45f74c-f08d-324b-92e3-905f820aafed,2,16,5,Garrett Mitchell,Shane Smith,4-Seam Fastball,95.4,ball,False,Walk,Garrett Mitchell walks. Sal Frelick to 3rd. David Hamilton to 2nd.,10.108168564158088,8.658168564158089,0.0,12,1.5503473803465073,2.954362103195596,1.662,3.293,thrown_to_brewers
823812,2026-03-26,7c118725-d77d-341b-bc0d-467a72b438c0,2,17,1,Joey Ortiz,Shane Smith,Sinker,95.8,called_strike,True,Single,Joey Ortiz singles on a soft fly ball to right fielder Everson Pereira. Sal Frelick scores. David Hamilton to 3rd. Garrett Mitchell to 2nd.,0.0,-1.45,0.0,9,0.5400868341062024,1.5994184536358373,1.583,3.137,thrown_to_brewers
823812,2026-03-26,195151e8-346f-3dd9-95f2-f769506f0318,2,17,2,Joey Ortiz,Shane Smith,Slider,88.5,hit_into_play,False,Single,Joey Ortiz singles on a soft fly ball to right fielder Everson Pereira. Sal Frelick scores. David Hamilton to 3rd. Garrett Mitchell to 2nd.,2.1133599755494448,0.6633599755494446,0.0,11,-0.8823554874915387,3.16182074619522,1.583,3.137,thrown_to_brewers
823812,2026-03-26,d4e7bdbf-f19a-3eb6-9cc5-c85270d5c05d,2,18,1,Brice Turang,Shane Smith,4-Seam Fastball,95.2,ball,False,Strikeout,Brice Turang called out on strikes.,4.954683128909361,3.5046831289093605,0.0,14,1.1208902607424467,1.665078646324106,1.62,3.21,thrown_to_brewers
823812,2026-03-26,5dafe23c-3cb8-376e-93f6-da5193370658,2,18,2,Brice Turang,Shane Smith,Changeup,91.1,blocked_ball,False,Strikeout,Brice Turang called out on strikes.,16.223970045639327,14.773970045639327,0.0,14,0.20176007458572331,0.2680024961967229,1.62,3.21,thrown_to_brewers
823812,2026-03-26,62b26a71-78ca-327a-94bd-31f8b0c228dd,2,18,3,Brice Turang,Shane Smith,4-Seam Fastball,95.3,called_strike,False,Strikeout,Brice Turang called out on strikes.,1.6394317598651158,0.1894317598651158,0.0,12,0.844619313322093,2.450522499131478,1.62,3.21,thrown_to_brewers
823812,2026-03-26,f1205576-39f5-3c43-87ad-5b49a547125f,2,18,4,Brice Turang,Shane Smith,4-Seam Fastball,96.0,called_strike,True,Strikeout,Brice Turang called out on strikes.,0.0,-1.45,0.0,3,0.6374530821783717,2.73567598865689,1.62,3.21,thrown_to_brewers
823812,2026-03-26,a888af07-3c10-3f29-945a-546ac5fcd2c4,2,18,5,Brice Turang,Shane Smith,Changeup,92.2,foul,False,Strikeout,Brice Turang called out on strikes.,3.687483153844152,2.2374831538441518,0.0,13,-0.6616735699199574,1.3127097371796541,1.62,3.21,thrown_to_brewers
823812,2026-03-26,51d92791-0086-3c46-be23-190d034c5b1a,2,18,6,Brice Turang,Shane Smith,4-Seam Fastball,96.1,called_strike,True,Strikeout,Brice Turang called out on strikes.,0.5528138976098766,-0.8971861023901233,0.0,9,0.754067824800823,1.7654917432400357,1.62,3.21,thrown_to_brewers
823812,2026-03-26,f23c47e6-ecaf-3943-bdc7-53cdf7d663fb,2,19,1,William Contreras,Shane Smith,Changeup,90.2,ball,False,Double,William Contreras doubles (1) on a ground ball to left fielder Austin Hays. David Hamilton scores. Garrett Mitchell scores. Joey Ortiz scores.,9.077088536676182,7.627088536676183,0.0,13,-0.7803372983791637,0.828042729832343,1.581,3.133,thrown_to_brewers
823812,2026-03-26,d70d2304-696d-3246-aed4-815692a25d7c,2,19,2,William Contreras,Shane Smith,Sinker,95.3,called_strike,True,Double,William Contreras doubles (1) on a ground ball to left fielder Austin Hays. David Hamilton scores. Garrett Mitchell scores. Joey Ortiz scores.,0.0,-1.45,0.9941277408005693,4,-0.5043226882666192,2.5795190676165745,1.581,3.133,thrown_to_brewers
823812,2026-03-26,539f2ea8-6428-3cdb-9804-342b3ee481ad,2,19,3,William Contreras,Shane Smith,4-Seam Fastball,96.4,called_strike,True,Double,William Contreras doubles (1) on a ground ball to left fielder Austin Hays. David Hamilton scores. Garrett Mitchell scores. Joey Ortiz scores.,0.7922321210482526,-0.6577678789517474,0.0,6,0.7740193434206877,2.5956486324197856,1.581,3.133,thrown_to_brewers
823812,2026-03-26,0a6e69d3-694c-3885-92a2-eea41905b92a,2,19,4,William Contreras,Shane Smith,4-Seam Fastball,95.5,ball,False,Double,William Contreras doubles (1) on a ground ball to left fielder Austin Hays. David Hamilton scores. Garrett Mitchell scores. Joey Ortiz scores.,13.557965939524863,12.107965939524863,0.0,14,1.8337560952992926,1.4851346713406555,1.581,3.133,thrown_to_brewers
823812,2026-03-26,7ae4e76c-285d-37a9-93b2-a13dbdd55b4f,2,19,5,William Contreras,Shane Smith,Sinker,95.9,foul,True,Double,William Contreras doubles (1) on a ground ball to left fielder Austin Hays. David Hamilton scores. Garrett Mitchell scores. Joey Ortiz scores.,0.0,-1.45,0.0,6,0.6565965013354909,2.1434465342446902,1.581,3.133,thrown_to_brewers
823812,2026-03-26,d1126b3a-a528-3d33-9e05-9daa1a02479a,2,19,6,William Contreras,Shane Smith,Changeup,90.5,hit_into_play,True,Double,William Contreras doubles (1) on a ground ball to left fielder Austin Hays. David Hamilton scores. Garrett Mitchell scores. Joey Ortiz scores.,0.0,-1.45,1.976636377175197,1,-0.42244696856873354,2.705143391975872,1.581,3.133,thrown_to_brewers
823812,2026-03-26,76ae529e-4648-3024-bbfd-0834c77897d8,2,20,1,Christian Yelich,Sean Newcomb,Sinker,92.6,called_strike,True,Groundout,"Christian Yelich grounds out, third baseman Miguel Vargas to first baseman Munetaka Murakami.",0.0,-1.45,4.460802097263514,5,-0.2154331585613738,2.298491140731362,1.7,3.368,thrown_to_brewers
823812,2026-03-26,18e94c9d-60cb-3a38-971f-745513b4c4cf,2,20,2,Christian Yelich,Sean Newcomb,Slurve,82.3,hit_into_play,False,Groundout,"Christian Yelich grounds out, third baseman Miguel Vargas to first baseman Munetaka Murakami.",2.4013139164638906,0.9513139164638906,0.0,13,-0.9081094930386575,2.0966877519212694,1.7,3.368,thrown_to_brewers
823812,2026-03-26,c08c7a0b-cc05-39d2-81d3-7ffb8ca027e4,3,25,1,Andrew Vaughn,Sean Newcomb,4-Seam Fastball,94.1,called_strike,True,Groundout,"Andrew Vaughn grounds out, shortstop Colson Montgomery to first baseman Munetaka Murakami.",0.0,-1.45,0.0,3,0.5515242294086034,3.03942068125097,1.579,3.128,thrown_to_brewers
823812,2026-03-26,9eb3256a-b5c8-3794-a464-ec8b5de38076,3,25,2,Andrew Vaughn,Sean Newcomb,4-Seam Fastball,93.8,ball,False,Groundout,"Andrew Vaughn grounds out, shortstop Colson Montgomery to first baseman Munetaka Murakami.",8.828285650549038,7.378285650549039,0.0,12,1.2398859894656518,3.636269380498606,1.579,3.128,thrown_to_brewers
823812,2026-03-26,e823894a-bada-3a9c-b5fd-d5947f65ede3,3,25,3,Andrew Vaughn,Sean Newcomb,Slurve,81.8,hit_into_play,True,Groundout,"Andrew Vaughn grounds out, shortstop Colson Montgomery to first baseman Munetaka Murakami.",0.0,-1.45,3.778236483560704,5,-0.2723136263699413,2.293782739840533,1.579,3.128,thrown_to_brewers
823812,2026-03-26,1691502d-ed53-366f-8101-91e3e3b0c045,3,26,1,Jake Bauers,Sean Newcomb,Sinker,92.9,foul,True,Strikeout,Jake Bauers strikes out on a foul tip.,0.0,-1.45,2.259167765942925,6,0.3989026861714229,2.3378524873141657,1.624,3.217,thrown_to_brewers
823812,2026-03-26,2748d837-77dc-378b-9c76-573f9cd8d618,3,26,2,Jake Bauers,Sean Newcomb,Sinker,93.9,called_strike,True,Strikeout,Jake Bauers strikes out on a foul tip.,0.0,-1.45,4.864699588319299,5,-0.18177503430672504,2.2910315557462195,1.624,3.217,thrown_to_brewers
823812,2026-03-26,7bee4093-d0a6-3c3d-a228-60be9f9e4a77,3,26,3,Jake Bauers,Sean Newcomb,4-Seam Fastball,94.8,foul_tip,True,Strikeout,Jake Bauers strikes out on a foul tip.,0.0,-1.45,0.0,3,0.28754333575323177,3.1171007214651674,1.624,3.217,thrown_to_brewers
823812,2026-03-26,c53bff66-7be2-3d53-aebd-9abbe9dd0134,3,27,1,Sal Frelick,Sean Newcomb,Sinker,93.8,foul,True,Groundout,"Sal Frelick grounds out, pitcher Sean Newcomb to first baseman Munetaka Murakami.",0.0,-1.45,6.369708492417622,5,0.05635762563186475,2.2352621729892874,1.546,3.063,thrown_to_brewers
823812,2026-03-26,87bf6e99-26ca-3c42-b532-fc8ee48d485e,3,27,2,Sal Frelick,Sean Newcomb,Sinker,94.1,ball,False,Groundout,"Sal Frelick grounds out, pitcher Sean Newcomb to first baseman Munetaka Murakami.",3.523649292457897,2.0736492924578966,0.0,12,0.97309160512646,3.1892908851458204,1.546,3.063,thrown_to_brewers
823812,2026-03-26,71873332-9016-3442-a1fc-141ba8240b91,3,27,3,Sal Frelick,Sean Newcomb,4-Seam Fastball,94.5,swinging_strike,True,Groundout,"Sal Frelick grounds out, pitcher Sean Newcomb to first baseman Munetaka Murakami.",0.021401945602709915,-1.42859805439729,0.0,3,0.31064321210187074,3.0647834954668927,1.546,3.063,thrown_to_brewers
823812,2026-03-26,72d5bce4-fb6c-3608-a169-7de53a0bf8e0,3,27,4,Sal Frelick,Sean Newcomb,Sinker,94.7,hit_into_play,True,Groundout,"Sal Frelick grounds out, pitcher Sean Newcomb to first baseman Munetaka Murakami.",0.0,-1.45,3.1487448770553987,6,0.3247712602453834,2.4136959782522585,1.546,3.063,thrown_to_brewers
823812,2026-03-26,115b0245-a795-3cfa-b17a-497579193b7f,4,33,1,David Hamilton,Sean Newcomb,Sinker,93.5,ball,False,Single,David Hamilton singles on a ground ball to second baseman Chase Meidroth.,4.681366405877244,3.231366405877244,0.0,13,-0.4823168763938517,1.191886132843563,1.582,3.135,thrown_to_brewers
823812,2026-03-26,1a49346e-14a1-33c1-993d-2aadb338c40f,4,33,2,David Hamilton,Sean Newcomb,Sinker,92.6,foul_bunt,True,Single,David Hamilton singles on a ground ball to second baseman Chase Meidroth.,0.0,-1.45,0.0,8,-0.18795610399935825,1.7009874115728736,1.582,3.135,thrown_to_brewers
823812,2026-03-26,9d8161e2-ca42-34f7-8ad4-bc2653fce694,4,33,3,David Hamilton,Sean Newcomb,Sinker,93.0,foul,False,Single,David Hamilton singles on a ground ball to second baseman Chase Meidroth.,6.448150676112751,4.9981506761127505,0.0,12,1.2453458896760625,3.0953003156940757,1.582,3.135,thrown_to_brewers
823812,2026-03-26,3daf00a0-5682-3c35-89f5-04a4600246fe,4,33,4,David Hamilton,Sean Newcomb,4-Seam Fastball,94.2,foul,True,Single,David Hamilton singles on a ground ball to second baseman Chase Meidroth.,0.0,-1.45,0.0,3,0.6043691194965293,2.77327956833816,1.582,3.135,thrown_to_brewers
823812,2026-03-26,18183bdb-9fbb-3897-82e2-70c6041ec850,4,33,5,David Hamilton,Sean Newcomb,Slurve,82.7,ball,False,Single,David Hamilton singles on a ground ball to second baseman Chase Meidroth.,23.521169883427056,22.071169883427057,0.0,12,1.5037997477858205,4.9262802496672276,1.582,3.135,thrown_to_brewers
823812,2026-03-26,275f30b8-8af9-3ece-8043-3e7b83dbef5d,4,33,6,David Hamilton,Sean Newcomb,Sinker,92.8,hit_into_play,True,Single,David Hamilton singles on a ground ball to second baseman Chase Meidroth.,0.0,-1.45,0.8638456789196465,2,0.13187196354131148,2.942179526756696,1.582,3.135,thrown_to_brewers
823812,2026-03-26,c5af83cb-7e9f-340a-9082-38ae644367c1,4,34,1,Garrett Mitchell,Sean Newcomb,Sinker,92.6,called_strike,True,Sac Bunt,"Garrett Mitchell out on a sacrifice bunt, third baseman Miguel Vargas to first baseman Munetaka Murakami. David Hamilton to 2nd.",0.0,-1.45,1.5717236457773316,2,0.20588100434577683,3.0411896961852225,1.662,3.293,thrown_to_brewers
823812,2026-03-26,6107a1d7-448a-3761-91f6-e06f19f9e4ad,4,34,2,Garrett Mitchell,Sean Newcomb,Sinker,94.4,ball,True,Sac Bunt,"Garrett Mitchell out on a sacrifice bunt, third baseman Miguel Vargas to first baseman Munetaka Murakami. David Hamilton to 2nd.",0.0,-1.45,0.0,4,-0.6484813185548775,2.314327469830979,1.662,3.293,thrown_to_brewers
823812,2026-03-26,341853dc-f451-3da4-9c38-51896d806ade,4,34,3,Garrett Mitchell,Sean Newcomb,4-Seam Fastball,95.0,hit_into_play,True,Sac Bunt,"Garrett Mitchell out on a sacrifice bunt, third baseman Miguel Vargas to first baseman Munetaka Murakami. David Hamilton to 2nd.",0.0,-1.45,0.3460755224280973,2,0.17279014756073874,3.1433270397976587,1.662,3.293,thrown_to_brewers
823812,2026-03-26,2a270b8a-df57-35fc-971c-dd3ad6701339,4,35,1,Joey Ortiz,Sean Newcomb,4-Seam Fastball,93.7,called_strike,False,Single,Joey Ortiz singles on a line drive to right fielder Everson Pereira. David Hamilton scores.,1.652908240834873,0.20290824083487297,0.0,12,0.845742353402906,2.7008856321800785,1.583,3.137,thrown_to_brewers
823812,2026-03-26,5e6e2270-ff35-3ba7-8962-5bcdb804cff6,4,35,2,Joey Ortiz,Sean Newcomb,Slurve,82.7,called_strike,True,Single,Joey Ortiz singles on a line drive to right fielder Everson Pereira. David Hamilton scores.,0.0,-1.45,7.002513961352154,5,0.0036238365539871253,2.3537470303825376,1.583,3.137,thrown_to_brewers
823812,2026-03-26,5683f4f2-d2e0-3151-9903-eac8a6df73cb,4,35,3,Joey Ortiz,Sean Newcomb,4-Seam Fastball,94.7,foul,True,Single,Joey Ortiz singles on a line drive to right fielder Everson Pereira. David Hamilton scores.,0.0,-1.45,0.0,2,0.24599514671598643,3.058772081152107,1.583,3.137,thrown_to_brewers
823812,2026-03-26,02c50061-5ddb-30e2-9cbc-69337f156d87,4,35,4,Joey Ortiz,Sean Newcomb,4-Seam Fastball,95.0,foul,False,Single,Joey Ortiz singles on a line drive to right fielder Everson Pereira. David Hamilton scores.,6.23323986063048,4.78323986063048,0.0,12,0.6954093250425888,3.65643665505254,1.583,3.137,thrown_to_brewers
823812,2026-03-26,08872116-3771-377a-9d98-dd0275c96828,4,35,5,Joey Ortiz,Sean Newcomb,Slurve,82.2,ball,False,Single,Joey Ortiz singles on a line drive to right fielder Everson Pereira. David Hamilton scores.,11.016359680889218,9.566359680889217,0.0,14,1.6260299734074348,2.0224529871241366,1.583,3.137,thrown_to_brewers
823812,2026-03-26,87c3a8df-f075-3309-a33f-8869de06a11b,4,35,6,Joey Ortiz,Sean Newcomb,Slurve,83.8,foul,False,Single,Joey Ortiz singles on a line drive to right fielder Everson Pereira. David Hamilton scores.,5.88693064381702,4.4369306438170195,0.0,13,-1.1985775536514183,1.9948076433428192,1.583,3.137,thrown_to_brewers
823812,2026-03-26,fbce73b5-aa17-387b-8ff6-7e9781b16d16,4,35,7,Joey Ortiz,Sean Newcomb,4-Seam Fastball,94.5,hit_into_play,False,Single,Joey Ortiz singles on a line drive to right fielder Everson Pereira. David Hamilton scores.,8.57334044173079,7.12334044173079,0.0,12,0.53952810778645,3.8514450368108992,1.583,3.137,thrown_to_brewers
823812,2026-03-26,68d74c55-b704-3125-8fcb-8d1f272ded60,4,36,1,Brice Turang,Sean Newcomb,Sinker,92.8,hit_into_play,True,Groundout,"Brice Turang grounds out, second baseman Chase Meidroth to shortstop Colson Montgomery to first baseman Munetaka Murakami. Joey Ortiz to 2nd.",0.2542282117294725,-1.1957717882705274,0.0,8,0.1681861640400948,1.5988143156892107,1.62,3.21,thrown_to_brewers
823812,2026-03-26,6056dc6c-dca4-3797-8991-335adb533837,4,38,1,Christian Yelich,Sean Newcomb,Slurve,82.9,called_strike,True,Single,"Christian Yelich singles on a sharp line drive to center fielder Luisangel Acuña. Joey Ortiz scores. William Contreras out at 3rd on the throw, center fielder Luisangel Acuña to shortstop Colson Montgomery to third baseman Miguel Vargas.",0.0,-1.45,0.3334004251911404,4,-0.5593832979007383,2.4312129833869407,1.7,3.368,thrown_to_brewers
823812,2026-03-26,90623c3e-c3ed-326b-9675-8415217a976e,4,38,2,Christian Yelich,Sean Newcomb,Slurve,83.1,swinging_strike_blocked,False,Single,"Christian Yelich singles on a sharp line drive to center fielder Luisangel Acuña. Joey Ortiz scores. William Contreras out at 3rd on the throw, center fielder Luisangel Acuña to shortstop Colson Montgomery to third baseman Miguel Vargas.",23.12920626774504,21.67920626774504,0.0,13,-2.174425776001227,0.44916159662114286,1.7,3.368,thrown_to_brewers
823812,2026-03-26,3695c250-292c-3d40-aa4a-dc8dd92ee44b,4,38,3,Christian Yelich,Sean Newcomb,4-Seam Fastball,94.6,ball,False,Single,"Christian Yelich singles on a sharp line drive to center fielder Luisangel Acuña. Joey Ortiz scores. William Contreras out at 3rd on the throw, center fielder Luisangel Acuña to shortstop Colson Montgomery to third baseman Miguel Vargas.",8.234274248562746,6.784274248562746,0.0,12,0.3547250419438146,4.054189520713562,1.7,3.368,thrown_to_brewers
823812,2026-03-26,3db4f7a3-2a23-3d5a-8ce8-0cf6bbb488c6,4,38,4,Christian Yelich,Sean Newcomb,Slurve,82.4,hit_into_play,True,Single,"Christian Yelich singles on a sharp line drive to center fielder Luisangel Acuña. Joey Ortiz scores. William Contreras out at 3rd on the throw, center fielder Luisangel Acuña to shortstop Colson Montgomery to third baseman Miguel Vargas.",0.10277850749182083,-1.3472214925081791,0.0,7,-0.4238435757438608,1.6914351243756816,1.7,3.368,thrown_to_brewers
823812,2026-03-26,86c1412e-72f9-37fc-bb02-b84de658736a,5,42,1,Andrew Vaughn,Tyler Gilbert,Cutter,84.6,swinging_strike,False,Groundout,"Andrew Vaughn grounds out, pitcher Tyler Gilbert to first baseman Munetaka Murakami.",6.372938911519177,4.922938911519177,0.0,13,-0.23799634705126982,1.0479217573734019,1.579,3.128,thrown_to_brewers
823812,2026-03-26,f9c6f22f-173a-3a10-ad13-9c4393d5dbfe,5,42,2,Andrew Vaughn,Tyler Gilbert,Cutter,85.4,ball,False,Groundout,"Andrew Vaughn grounds out, pitcher Tyler Gilbert to first baseman Munetaka Murakami.",17.18082259037723,15.73082259037723,0.0,13,-0.7748993291053785,0.14882860883298754,1.579,3.128,thrown_to_brewers
823812,2026-03-26,9ec1dfdc-2363-36b8-bdd4-1c8c94177684,5,42,3,Andrew Vaughn,Tyler Gilbert,Sinker,88.3,ball,False,Groundout,"Andrew Vaughn grounds out, pitcher Tyler Gilbert to first baseman Munetaka Murakami.",8.046599740850416,6.596599740850417,0.0,14,1.35624840369168,1.4075028261193099,1.579,3.128,thrown_to_brewers
823812,2026-03-26,6251b6dc-ff71-33d9-b2f6-dc578a2ad2af,5,42,4,Andrew Vaughn,Tyler Gilbert,Cutter,85.4,foul,False,Groundout,"Andrew Vaughn grounds out, pitcher Tyler Gilbert to first baseman Munetaka Murakami.",7.56132262743856,6.111322627438561,0.0,13,-1.286249347873067,1.3286670622677885,1.579,3.128,thrown_to_brewers
823812,2026-03-26,be427aef-18f0-3bdc-bf9e-c54d1d2440e9,5,42,5,Andrew Vaughn,Tyler Gilbert,Sinker,90.5,hit_into_play,True,Groundout,"Andrew Vaughn grounds out, pitcher Tyler Gilbert to first baseman Munetaka Murakami.",0.5464168878999596,-0.9035831121000404,0.0,3,0.7535347406583299,2.6913556840547064,1.579,3.128,thrown_to_brewers
823812,2026-03-26,f80a5560-6c36-313d-a1ec-3e90238a93a5,5,43,1,Jake Bauers,Tyler Gilbert,Sweeper,79.2,foul,True,Single,Jake Bauers singles on a ground ball to right fielder Everson Pereira.,0.0,-1.45,2.1845683391017268,9,0.40511930507485605,1.9996502818818627,1.624,3.217,thrown_to_brewers
823812,2026-03-26,1692dc85-b804-30c9-8adc-c6f4fa153f64,5,43,2,Jake Bauers,Tyler Gilbert,Sinker,89.4,hit_into_play,True,Single,Jake Bauers singles on a ground ball to right fielder Everson Pereira.,0.0,-1.45,3.4262652289141364,6,0.30164456425715525,2.264435567206542,1.624,3.217,thrown_to_brewers
823812,2026-03-26,6e14e606-b10f-338e-aa60-d45b23b8466f,5,44,1,Sal Frelick,Tyler Gilbert,Sinker,89.6,hit_into_play,True,Home Run,Sal Frelick homers (1) on a fly ball to right field. Jake Bauers scores.,0.0,-1.45,0.0,9,0.543952416241368,1.6182121750944538,1.546,3.063,thrown_to_brewers
823812,2026-03-26,69c13473-f804-3b19-a987-6af355fc6258,5,45,1,David Hamilton,Tyler Gilbert,Sweeper,79.9,ball,False,Walk,David Hamilton walks.,20.37884680375458,18.92884680375458,0.0,13,-2.2300106543354548,0.8286785083168606,1.582,3.135,thrown_to_brewers
823812,2026-03-26,49d172c8-bcbd-3a73-b276-a01519da8be4,5,45,2,David Hamilton,Tyler Gilbert,Sinker,89.7,called_strike,True,Walk,David Hamilton walks.,0.0,-1.45,0.0,8,-0.15117642725896907,1.6558931331577562,1.582,3.135,thrown_to_brewers
823812,2026-03-26,b18af495-4951-3b53-8519-896c68b51c71,5,45,3,David Hamilton,Tyler Gilbert,Sweeper,78.6,ball,False,Walk,David Hamilton walks.,20.99832792277623,19.54832792277623,0.0,13,-2.4578606602313524,1.7569444425090341,1.582,3.135,thrown_to_brewers
823812,2026-03-26,dbb34363-a416-39fc-8918-5e2814ca39fc,5,45,4,David Hamilton,Tyler Gilbert,Sinker,88.9,ball,False,Walk,David Hamilton walks.,13.124254904372485,11.674254904372486,0.0,13,-1.8016879086977071,2.218574808182958,1.582,3.135,thrown_to_brewers
823812,2026-03-26,5457e48d-f7a9-3391-87d4-d35020c766e1,5,45,5,David Hamilton,Tyler Gilbert,Sinker,89.6,ball,False,Walk,David Hamilton walks.,4.052824142391082,2.602824142391082,0.0,13,-0.2503967175830373,1.2442646548007432,1.582,3.135,thrown_to_brewers
823812,2026-03-26,3bff3866-098b-3bc6-a8b4-7c0e9be7c2d5,5,46,1,Garrett Mitchell,Tyler Gilbert,Sweeper,77.8,ball,False,Flyout,Garrett Mitchell flies out to left fielder Austin Hays.,4.51485259647172,3.06485259647172,0.0,11,-1.0842377163726433,2.4924125825620207,1.662,3.293,thrown_to_brewers
823812,2026-03-26,cdf1eb2a-6acb-33f8-8844-7fcd6aef99ed,5,46,2,Garrett Mitchell,Tyler Gilbert,Sinker,88.9,hit_into_play,True,Flyout,Garrett Mitchell flies out to left fielder Austin Hays.,0.0,-1.45,0.0,9,0.6049000888637841,1.8700836830858063,1.662,3.293,thrown_to_brewers
823812,2026-03-26,02eb0f7c-41a9-3280-ac14-eeef4999887a,5,47,1,Joey Ortiz,Tyler Gilbert,Cutter,87.0,called_strike,True,Flyout,Joey Ortiz flies out to center fielder Luisangel Acuña.,0.0,-1.45,0.0,7,-0.6501932992856809,1.8289755063743378,1.583,3.137,thrown_to_brewers
823812,2026-03-26,e691e0cd-3e89-3798-9c32-1b4ae1184b20,5,47,2,Joey Ortiz,Tyler Gilbert,Sinker,89.7,foul,True,Flyout,Joey Ortiz flies out to center fielder Luisangel Acuña.,0.0,-1.45,0.0,8,0.1658372544994129,1.6814482022416772,1.583,3.137,thrown_to_brewers
823812,2026-03-26,a5b4ffdc-2515-371d-9316-6fa31b8d6791,5,47,3,Joey Ortiz,Tyler Gilbert,Cutter,85.5,hit_into_play,True,Flyout,Joey Ortiz flies out to center fielder Luisangel Acuña.,0.0,-1.45,0.6164216295715035,8,0.05042261537437209,1.755201802464292,1.583,3.137,thrown_to_brewers
823812,2026-03-26,7984c6f1-e9fa-39d7-ba9f-efe1fbe01c2e,6,51,1,Brice Turang,Jordan Hicks,Sinker,97.4,called_strike,True,Single,Brice Turang singles on a ground ball to right fielder Everson Pereira.,0.0,-1.45,0.7044699583713652,8,0.08652547330896532,1.7995391631976139,1.62,3.21,thrown_to_brewers
823812,2026-03-26,427234e6-d66d-3bef-9f0d-fbb58f2b5724,6,51,2,Brice Turang,Jordan Hicks,Sinker,96.3,hit_into_play,True,Single,Brice Turang singles on a ground ball to right fielder Everson Pereira.,0.0,-1.45,6.1290223592559725,5,0.02894315540443948,2.2515851966046645,1.62,3.21,thrown_to_brewers
823812,2026-03-26,769e77a1-4f3f-3093-b94e-ddf4ed2c43f4,6,52,1,William Contreras,Jordan Hicks,Sinker,98.0,ball,False,Walk,William Contreras walks.,2.4732551966579983,1.0232551966579984,0.0,11,-0.9141045997214998,2.92133259628823,1.581,3.133,thrown_to_brewers
823812,2026-03-26,25f2d905-5a90-32f4-a8d2-51af1c576840,6,52,2,William Contreras,Jordan Hicks,Sinker,97.8,ball,False,Walk,William Contreras walks.,6.621248848669723,5.171248848669723,0.0,11,-1.2597707373891436,2.6545479235282716,1.581,3.133,thrown_to_brewers
823812,2026-03-26,34f837b6-382b-3b57-8d85-1cee100af06e,6,52,3,William Contreras,Jordan Hicks,Sinker,99.2,called_strike,True,Walk,William Contreras walks.,0.0,-1.45,3.4805425129091114,2,0.22832783437906512,2.722121457257574,1.581,3.133,thrown_to_brewers
823812,2026-03-26,e347a442-a4cd-3771-9f2a-98879364b5bd,6,52,4,William Contreras,Jordan Hicks,Sinker,98.0,foul,True,Walk,William Contreras walks.,0.21871432807759028,-1.2312856719224097,0.0,2,0.06427382442016927,3.151226194006466,1.581,3.133,thrown_to_brewers
823812,2026-03-26,183b7a7e-f65a-3dcb-956b-372d955ee5ff,6,52,5,William Contreras,Jordan Hicks,Sinker,98.3,ball,False,Walk,William Contreras walks.,12.16498086482672,10.714980864826721,0.0,12,1.7217484054022267,2.468621215439132,1.581,3.133,thrown_to_brewers
823812,2026-03-26,3706e431-f002-3372-9017-ec9cb396a32f,6,52,6,William Contreras,Jordan Hicks,Sinker,98.8,ball,False,Walk,William Contreras walks.,11.578311503501217,10.128311503501218,0.0,11,-0.8840953947965995,4.081653711957088,1.581,3.133,thrown_to_brewers
823812,2026-03-26,b8065a5a-a08e-33d1-816a-1b913bafd275,6,53,1,Christian Yelich,Jordan Hicks,Sweeper,86.0,ball,True,Walk,Christian Yelich walks. William Contreras to 2nd.,0.565869799365541,-0.8841302006344589,0.0,4,-0.755155816613795,2.3453399257807517,1.7,3.368,thrown_to_brewers
823812,2026-03-26,9f17dd54-f4ed-33b0-8d06-9e1db22e9c4e,6,53,2,Christian Yelich,Jordan Hicks,Sinker,98.1,ball,False,Walk,Christian Yelich walks. William Contreras to 2nd.,1.9846563182293533,0.5346563182293533,0.0,11,-0.6864353490339101,3.5333880265191127,1.7,3.368,thrown_to_brewers
823812,2026-03-26,e7507fa0-3c4c-34e0-8d1e-bcd795d17dba,6,53,3,Christian Yelich,Jordan Hicks,Sinker,98.1,called_strike,True,Walk,Christian Yelich walks. William Contreras to 2nd.,0.0,-1.45,0.5837454393623454,6,0.5385212133864712,2.817333869522013,1.7,3.368,thrown_to_brewers
823812,2026-03-26,6dd27232-bb10-34a2-b791-75accb853d7c,6,53,4,Christian Yelich,Jordan Hicks,Sinker,97.1,foul,True,Walk,Christian Yelich walks. William Contreras to 2nd.,0.0,-1.45,0.6876504145925983,6,0.5298624654506168,2.65865482313371,1.7,3.368,thrown_to_brewers
823812,2026-03-26,f1e11cab-49c7-3bc1-80be-a04573ff097a,6,53,5,Christian Yelich,Jordan Hicks,Sinker,99.6,ball,False,Walk,Christian Yelich walks. William Contreras to 2nd.,13.88811602326491,12.43811602326491,0.0,12,1.8653430019387425,3.116829678303279,1.7,3.368,thrown_to_brewers
823812,2026-03-26,1cf0cb94-11d2-321d-ab88-964e2d1c6087,6,53,6,Christian Yelich,Jordan Hicks,Sinker,99.8,ball,False,Walk,Christian Yelich walks. William Contreras to 2nd.,10.38212343912514,8.932123439125139,0.0,14,1.0674362240843758,0.9130204823065826,1.7,3.368,thrown_to_brewers
823812,2026-03-26,5a8e932f-f481-3c35-a7e2-6f9ed355db3f,6,54,1,Andrew Vaughn,Jordan Hicks,Sweeper,86.9,ball,False,Single,Andrew Vaughn singles on a ground ball to center fielder Luisangel Acuña. William Contreras scores. Christian Yelich to 3rd.,3.8493018386354754,2.399301838635475,0.0,14,0.8017634192225647,1.2722344215222865,1.579,3.128,thrown_to_brewers
823812,2026-03-26,5c7e6d65-bd78-3465-b4a0-2de42ca3c8d6,6,54,2,Andrew Vaughn,Jordan Hicks,Sinker,97.6,hit_into_play,True,Single,Andrew Vaughn singles on a ground ball to center fielder Luisangel Acuña. William Contreras scores. Christian Yelich to 3rd.,0.0,-1.45,1.9244214742960946,3,0.4267982104753254,2.8309923257613487,1.579,3.128,thrown_to_brewers
823812,2026-03-26,eda9230f-0017-3cd9-b2b8-f5f3ddd4d310,6,55,1,Jake Bauers,Jordan Hicks,Sinker,98.9,foul,True,Pop Out,Jake Bauers pops out to shortstop Colson Montgomery.,0.0,-1.45,0.0,2,-0.05825151396397077,3.133523814933711,1.624,3.217,thrown_to_brewers
823812,2026-03-26,aff75b22-41e8-39ef-836e-d72e0a34beb5,6,55,2,Jake Bauers,Jordan Hicks,Sweeper,85.9,hit_into_play,True,Pop Out,Jake Bauers pops out to shortstop Colson Montgomery.,0.0,-1.45,3.7989736840754684,5,0.27058552632704425,2.2360246376697104,1.624,3.217,thrown_to_brewers
823812,2026-03-26,667ae854-7ca0-3610-8810-921c791c1246,6,56,1,Sal Frelick,Jordan Hicks,Sinker,96.8,ball,False,Walk,Sal Frelick walks. Brandon Lockridge to 2nd.,6.222163631586304,4.772163631586304,0.0,14,1.2265136359655253,1.853580864432983,1.546,3.063,thrown_to_brewers
823812,2026-03-26,12f512d7-c19b-311b-be9a-5a673f685344,6,56,2,Sal Frelick,Jordan Hicks,Sinker,98.9,called_strike,True,Walk,Sal Frelick walks. Brandon Lockridge to 2nd.,1.1959740911681775,-0.25402590883182247,0.0,6,0.8076645075973481,2.055832084153706,1.546,3.063,thrown_to_brewers
823812,2026-03-26,dec1c79d-295c-33c9-80af-1ffc916a2c89,6,56,3,Sal Frelick,Jordan Hicks,Sinker,98.6,ball,False,Walk,Sal Frelick walks. Brandon Lockridge to 2nd.,2.7204676784213273,1.2704676784213274,0.0,12,0.45504288239852664,3.289705639868444,1.546,3.063,thrown_to_brewers
823812,2026-03-26,23cb1655-e1a0-38ce-98e0-f1b6ac8d5e1c,6,56,4,Sal Frelick,Jordan Hicks,Sinker,98.7,foul,True,Walk,Sal Frelick walks. Brandon Lockridge to 2nd.,0.0,-1.45,4.396386440966822,5,0.22080112991943146,2.219145397275028,1.546,3.063,thrown_to_brewers
823812,2026-03-26,bf664131-605e-3bb4-850d-be427fc20bed,6,56,5,Sal Frelick,Jordan Hicks,Sweeper,86.9,ball,False,Walk,Sal Frelick walks. Brandon Lockridge to 2nd.,8.512298711302506,7.062298711302507,0.0,14,0.6492673507431488,0.8366417740581245,1.546,3.063,thrown_to_brewers
823812,2026-03-26,768efbd9-ddd1-39db-98a4-9966dd7be833,6,56,6,Sal Frelick,Jordan Hicks,Sweeper,87.2,foul,True,Walk,Sal Frelick walks. Brandon Lockridge to 2nd.,0.0,-1.45,3.1399079760292663,2,0.22092643698226655,2.680507668664228,1.546,3.063,thrown_to_brewers
823812,2026-03-26,c5e4ce8b-b8fd-3f88-9f3e-c14641d818c5,6,56,7,Sal Frelick,Jordan Hicks,Sinker,99.3,foul,True,Walk,Sal Frelick walks. Brandon Lockridge to 2nd.,0.0,-1.45,0.701259138237518,3,0.5287284051468735,2.8769936976108026,1.546,3.063,thrown_to_brewers
823812,2026-03-26,9e2f4f47-a894-3ca1-aea0-8bbb6f6d1834,6,56,8,Sal Frelick,Jordan Hicks,Sinker,98.9,foul,False,Walk,Sal Frelick walks. Brandon Lockridge to 2nd.,3.1060647283812646,1.6560647283812644,0.0,12,0.9668387273651053,2.9254996101135577,1.546,3.063,thrown_to_brewers
823812,2026-03-26,8c9cdf72-93e0-3df8-baf2-0c3f232ea0c7,6,56,9,Sal Frelick,Jordan Hicks,Sinker,97.8,ball,False,Walk,Sal Frelick walks. Brandon Lockridge to 2nd.,13.856376696192962,12.406376696192961,0.0,11,-0.25929515397742486,4.21769805801608,1.546,3.063,thrown_to_brewers
823812,2026-03-26,82e79e63-b7df-32ab-be0f-aed0f5cbb2ac,6,57,1,David Hamilton,Jordan Hicks,Sweeper,87.2,foul,True,Walk,David Hamilton walks. Christian Yelich scores. Brandon Lockridge to 3rd. Sal Frelick to 2nd.,0.0,-1.45,2.4176826638628137,6,0.38569311134476547,2.4515430337508994,1.582,3.135,thrown_to_brewers
823812,2026-03-26,6259a483-9c91-3d98-b10e-66c21776a08e,6,57,2,David Hamilton,Jordan Hicks,Sinker,97.9,ball,False,Walk,David Hamilton walks. Christian Yelich scores. Brandon Lockridge to 3rd. Sal Frelick to 2nd.,1.6685630372665807,0.21856303726658072,0.0,12,0.847046919772215,2.6069727944882652,1.582,3.135,thrown_to_brewers
823812,2026-03-26,73f14487-b037-3500-9be0-c53691186038,6,57,3,David Hamilton,Jordan Hicks,Sinker,99.3,called_strike,True,Walk,David Hamilton walks. Christian Yelich scores. Brandon Lockridge to 3rd. Sal Frelick to 2nd.,0.8828843419961512,-0.5671156580038488,0.0,9,0.7815736951663459,2.0442043407180988,1.582,3.135,thrown_to_brewers
823812,2026-03-26,ac107f1f-e34c-30c3-97c0-19c67a13d6d0,6,57,4,David Hamilton,Jordan Hicks,Sweeper,86.9,ball,False,Walk,David Hamilton walks. Christian Yelich scores. Brandon Lockridge to 3rd. Sal Frelick to 2nd.,3.1287735688039726,1.6787735688039724,0.0,14,0.7024724204051362,1.3212688692663357,1.582,3.135,thrown_to_brewers
823812,2026-03-26,a59a822f-1df6-3d55-8998-0497d1baec66,6,57,5,David Hamilton,Jordan Hicks,Sinker,98.0,ball,False,Walk,David Hamilton walks. Christian Yelich scores. Brandon Lockridge to 3rd. Sal Frelick to 2nd.,6.865222889757074,5.415222889757074,0.0,12,1.2049880618037068,3.418378649454348,1.582,3.135,thrown_to_brewers
823812,2026-03-26,8a26adef-2c77-30e3-bcb9-a96139ccf715,6,57,6,David Hamilton,Jordan Hicks,Sinker,97.5,foul,True,Walk,David Hamilton walks. Christian Yelich scores. Brandon Lockridge to 3rd. Sal Frelick to 2nd.,0.0,-1.45,0.07084000426640918,6,0.5812633329777992,2.387432033913673,1.582,3.135,thrown_to_brewers
823812,2026-03-26,a8a3b5bd-a64d-313c-98d9-3486aa3a13cf,6,57,7,David Hamilton,Jordan Hicks,Sinker,100.0,ball,False,Walk,David Hamilton walks. Christian Yelich scores. Brandon Lockridge to 3rd. Sal Frelick to 2nd.,5.614902105573968,4.164902105573968,0.0,12,1.1752160872636654,3.1604460293059744,1.582,3.135,thrown_to_brewers
823812,2026-03-26,54b8b85a-b8d8-3219-a76d-be5ad279a4e9,6,58,1,Garrett Mitchell,Jedixson Paez,4-Seam Fastball,92.2,swinging_strike,False,Walk,Garrett Mitchell walks. Brandon Lockridge scores. Sal Frelick to 3rd. David Hamilton to 2nd.,1.6218905670433408,0.17189056704334077,0.0,11,-0.014944931406532191,3.428157547253612,1.662,3.293,thrown_to_brewers
823812,2026-03-26,7eaf4848-2de3-35f7-86af-aeeefd3a25fe,6,58,2,Garrett Mitchell,Jedixson Paez,4-Seam Fastball,92.7,ball,False,Walk,Garrett Mitchell walks. Brandon Lockridge scores. Sal Frelick to 3rd. David Hamilton to 2nd.,8.034412565106695,6.584412565106696,0.0,12,1.377534380425558,3.085745124898477,1.662,3.293,thrown_to_brewers
823812,2026-03-26,d2f24e67-65f7-3968-a867-2396b1ec33df,6,58,3,Garrett Mitchell,Jedixson Paez,Changeup,83.4,ball,False,Walk,Garrett Mitchell walks. Brandon Lockridge scores. Sal Frelick to 3rd. David Hamilton to 2nd.,9.64000513986311,8.19000513986311,0.0,14,0.5572818940309903,0.8586662383447408,1.662,3.293,thrown_to_brewers
823812,2026-03-26,42e6d4a8-5e47-33ea-aac4-eee495ef4509,6,58,4,Garrett Mitchell,Jedixson Paez,4-Seam Fastball,92.2,ball,False,Walk,Garrett Mitchell walks. Brandon Lockridge scores. Sal Frelick to 3rd. David Hamilton to 2nd.,2.587246188282511,1.137246188282511,0.0,11,-0.9236038490235425,3.1066541806441954,1.662,3.293,thrown_to_brewers
823812,2026-03-26,adb99389-33cf-38d9-a382-07c970f1c37e,6,58,5,Garrett Mitchell,Jedixson Paez,4-Seam Fastball,92.0,foul_tip,False,Walk,Garrett Mitchell walks. Brandon Lockridge scores. Sal Frelick to 3rd. David Hamilton to 2nd.,1.5490309523011474,0.09903095230114739,0.0,12,0.8370859126917622,2.870616672616947,1.662,3.293,thrown_to_brewers
823812,2026-03-26,b3b276bc-31b4-307e-82f5-9416103bcb5a,6,58,6,Garrett Mitchell,Jedixson Paez,4-Seam Fastball,92.5,foul,True,Walk,Garrett Mitchell walks. Brandon Lockridge scores. Sal Frelick to 3rd. David Hamilton to 2nd.,0.0,-1.45,2.2007586639195456,6,0.4037701113400378,2.4841300291187616,1.662,3.293,thrown_to_brewers
823812,2026-03-26,2a69387e-0c98-3e33-8454-ab56ab563215,6,58,7,Garrett Mitchell,Jedixson Paez,Changeup,83.9,ball,False,Walk,Garrett Mitchell walks. Brandon Lockridge scores. Sal Frelick to 3rd. David Hamilton to 2nd.,7.442363138599408,5.992363138599408,0.0,13,-0.00025216805039107726,1.0418030717833826,1.662,3.293,thrown_to_brewers
823812,2026-03-26,e5beaf94-3347-337e-8c6c-648b6dba2f85,6,59,1,Luis Rengifo,Jedixson Paez,4-Seam Fastball,91.7,foul,True,Groundout,"Luis Rengifo grounds out, pitcher Jedixson Paez to first baseman Munetaka Murakami.",0.6818443001829149,-0.7681556998170851,0.0,2,0.22335728684202616,3.1438203583485764,1.558,3.087,thrown_to_brewers
823812,2026-03-26,3a73aa2f-682e-38c6-927f-d208b7439896,6,59,2,Luis Rengifo,Jedixson Paez,Curveball,77.5,ball,False,Groundout,"Luis Rengifo grounds out, pitcher Jedixson Paez to first baseman Munetaka Murakami.",5.108736683698877,3.6587366836988764,0.0,11,-1.0194982789052345,3.37719510804751,1.558,3.087,thrown_to_brewers
823812,2026-03-26,53ca357e-be09-3115-845f-29fb8d6a11cb,6,59,3,Luis Rengifo,Jedixson Paez,Changeup,83.5,foul,False,Groundout,"Luis Rengifo grounds out, pitcher Jedixson Paez to first baseman Munetaka Murakami.",1.8274127605258093,0.37741276052580924,0.0,13,-0.09171436613980477,1.405715603289516,1.558,3.087,thrown_to_brewers
823812,2026-03-26,53e364fe-5686-33f2-bd9f-921864941879,6,59,4,Luis Rengifo,Jedixson Paez,4-Seam Fastball,92.3,ball,False,Groundout,"Luis Rengifo grounds out, pitcher Jedixson Paez to first baseman Munetaka Murakami.",5.738116341390806,4.288116341390806,0.0,12,1.1861763617825671,2.7016863521534997,1.558,3.087,thrown_to_brewers
823812,2026-03-26,71aa39da-1d81-37ed-8724-54dac41f1f0e,6,59,5,Luis Rengifo,Jedixson Paez,Changeup,84.0,hit_into_play,False,Groundout,"Luis Rengifo grounds out, pitcher Jedixson Paez to first baseman Munetaka Murakami.",5.029184093265652,3.579184093265652,0.0,13,-1.0684417014481211,1.3441648327015727,1.558,3.087,thrown_to_brewers
823812,2026-03-26,4c452a0e-e63e-361e-bff7-3fc0be85e539,7,63,1,Brice Turang,Jedixson Paez,4-Seam Fastball,92.6,foul,False,Walk,Brice Turang walks.,5.306316005581818,3.856316005581818,0.0,12,0.40596235256225643,3.6521930004651515,1.62,3.21,thrown_to_brewers
823812,2026-03-26,2aee272e-2ea1-3b9d-9be8-d1ce597b6344,7,63,2,Brice Turang,Jedixson Paez,Cutter,89.0,ball,False,Walk,Brice Turang walks.,2.3939460119155753,0.9439460119155754,0.0,12,0.7315924436623984,3.408095561581956,1.62,3.21,thrown_to_brewers
823812,2026-03-26,da7dc80f-4f93-30ee-9301-85ddf0e85073,7,63,3,Brice Turang,Jedixson Paez,Changeup,85.4,ball,False,Walk,Brice Turang walks.,5.554969381780285,4.104969381780285,0.0,13,-1.1327676918517102,1.4359840062316405,1.62,3.21,thrown_to_brewers
823812,2026-03-26,b163c106-ee33-3349-a613-3f4ec11f243e,7,63,4,Brice Turang,Jedixson Paez,4-Seam Fastball,92.2,ball,False,Walk,Brice Turang walks.,7.109075024940417,5.6590750249404165,0.0,12,0.7333471080015488,3.8018804260746792,1.62,3.21,thrown_to_brewers
823812,2026-03-26,435a69d7-5de4-398d-8187-5b583323ce80,7,63,5,Brice Turang,Jedixson Paez,4-Seam Fastball,93.4,called_strike,True,Walk,Brice Turang walks.,0.0,-1.45,2.3512770701125927,6,0.39122691082395056,2.3844965100275806,1.62,3.21,thrown_to_brewers
823812,2026-03-26,690fefd6-cd49-31f5-abf9-67c3b398bbc1,7,63,6,Brice Turang,Jedixson Paez,Changeup,84.5,foul,True,Walk,Brice Turang walks.,0.16604831178718182,-1.2839516882128181,0.0,7,-0.7218373593155984,1.8927765691164469,1.62,3.21,thrown_to_brewers
823812,2026-03-26,a203ed06-5eb6-3c78-8ec9-6a8936d3e3d7,7,63,7,Brice Turang,Jedixson Paez,Changeup,84.7,ball,False,Walk,Brice Turang walks.,9.433326521598527,7.983326521598526,0.0,11,-1.4941105434665438,3.0741626241341358,1.62,3.21,thrown_to_brewers
823812,2026-03-26,cb4c2bc3-f6cd-3e22-b073-6af381cbd389,7,64,1,William Contreras,Jedixson Paez,4-Seam Fastball,91.5,foul,True,Pop Out,William Contreras pops out to first baseman Munetaka Murakami.,0.0,-1.45,3.253921099633212,3,0.3160065750305656,2.710333198398775,1.581,3.133,thrown_to_brewers
823812,2026-03-26,f3dcc3fa-0956-3ad5-b20c-a65d2604b687,7,64,2,William Contreras,Jedixson Paez,Curveball,79.3,ball,False,Pop Out,William Contreras pops out to first baseman Munetaka Murakami.,14.74131921112646,13.29131921112646,0.0,12,1.9364432675938716,2.8255491207042867,1.581,3.133,thrown_to_brewers
823812,2026-03-26,993bf4b2-5229-3ca9-a985-82794616f2f1,7,64,3,William Contreras,Jedixson Paez,4-Seam Fastball,90.2,ball,False,Pop Out,William Contreras pops out to first baseman Munetaka Murakami.,5.091235328224156,3.6412353282241554,0.0,12,0.7314045641636664,3.556623569844035,1.581,3.133,thrown_to_brewers
823812,2026-03-26,7b6260f8-14d5-3ae6-9848-fefb7060a627,7,64,4,William Contreras,Jedixson Paez,4-Seam Fastball,90.3,hit_into_play,True,Pop Out,William Contreras pops out to first baseman Munetaka Murakami.,0.0,-1.45,1.085589816409912,2,0.10363058197387343,2.9217008486325073,1.581,3.133,thrown_to_brewers
823812,2026-03-26,198d9e8c-4671-334f-a4ea-a45c3e8d29a2,7,65,1,Christian Yelich,Jedixson Paez,Changeup,84.3,swinging_strike,False,Single,Christian Yelich singles on a ground ball to center fielder Luisangel Acuña. Brice Turang to 2nd.,9.261408858742229,7.8114088587422295,0.0,13,-0.4316015568114926,0.9282159284381475,1.7,3.368,thrown_to_brewers
823812,2026-03-26,3547b6e7-1c63-38da-b9bf-d7ed552b297c,7,65,2,Christian Yelich,Jedixson Paez,4-Seam Fastball,91.4,hit_into_play,True,Single,Christian Yelich singles on a ground ball to center fielder Luisangel Acuña. Brice Turang to 2nd.,0.0,-1.45,2.6162574505919007,9,0.3691452124506749,2.0878887499975987,1.7,3.368,thrown_to_brewers
823812,2026-03-26,e94a33d2-3bbe-353b-8d6b-f0a4f440b0b3,7,66,1,Brandon Lockridge,Jedixson Paez,Sinker,91.8,foul,True,Forceout,"Brandon Lockridge grounds into a force out, fielded by third baseman Miguel Vargas. Brice Turang out at 3rd. Christian Yelich to 2nd. Brandon Lockridge to 1st.",0.0,-1.45,4.644294429838196,5,0.08988736464039038,2.135857869153183,1.628,3.226,thrown_to_brewers
823812,2026-03-26,9c6d211b-07e3-36b7-b5cd-f4d7c1093900,7,66,2,Brandon Lockridge,Jedixson Paez,Curveball,78.2,called_strike,True,Forceout,"Brandon Lockridge grounds into a force out, fielded by third baseman Miguel Vargas. Brice Turang out at 3rd. Christian Yelich to 2nd. Brandon Lockridge to 1st.",0.0,-1.45,0.0,1,-0.5646772379521225,3.1331098908144104,1.628,3.226,thrown_to_brewers
823812,2026-03-26,9d3dc3c2-27d6-30ad-a72f-54d1a8101c96,7,66,3,Brandon Lockridge,Jedixson Paez,Curveball,78.6,ball,False,Forceout,"Brandon Lockridge grounds into a force out, fielded by third baseman Miguel Vargas. Brice Turang out at 3rd. Christian Yelich to 2nd. Brandon Lockridge to 1st.",5.940628105085352,4.490628105085352,0.0,11,-0.2846901574193694,3.721052342090446,1.628,3.226,thrown_to_brewers
823812,2026-03-26,92cb0b84-fa56-31a1-85c2-20e9997641fd,7,66,4,Brandon Lockridge,Jedixson Paez,Changeup,84.0,hit_into_play,True,Forceout,"Brandon Lockridge grounds into a force out, fielded by third baseman Miguel Vargas. Brice Turang out at 3rd. Christian Yelich to 2nd. Brandon Lockridge to 1st.",0.0,-1.45,0.39308668270868113,4,-0.5544094431076099,2.1221389240899606,1.628,3.226,thrown_to_brewers
823812,2026-03-26,7381a27c-a5eb-3187-8586-89599c97365f,7,67,1,Jake Bauers,Jedixson Paez,Cutter,88.0,foul,True,Home Run,Jake Bauers homers (1) on a fly ball to right field. Christian Yelich scores. Brandon Lockridge scores.,0.0,-1.45,0.0,1,-0.3372314509216827,3.1660860043404586,1.624,3.217,thrown_to_brewers
823812,2026-03-26,1158cb9c-2cd3-3391-913f-b40f0685ef37,7,67,2,Jake Bauers,Jedixson Paez,Changeup,83.9,swinging_strike,True,Home Run,Jake Bauers homers (1) on a fly ball to right field. Christian Yelich scores. Brandon Lockridge scores.,0.666600788034736,-0.783399211965264,0.0,9,0.7635500656695613,1.8573845626417462,1.624,3.217,thrown_to_brewers
823812,2026-03-26,2e9d3437-3a7c-3ff6-aac7-2accad2bf165,7,67,3,Jake Bauers,Jedixson Paez,Changeup,83.6,blocked_ball,False,Home Run,Jake Bauers homers (1) on a fly ball to right field. Christian Yelich scores. Brandon Lockridge scores.,17.933047848838168,16.48304784883817,0.0,14,1.2724869377835915,0.24029208704211946,1.624,3.217,thrown_to_brewers
823812,2026-03-26,6be97746-b9bf-32e8-9005-a8e5bafec006,7,67,4,Jake Bauers,Jedixson Paez,4-Seam Fastball,91.4,hit_into_play,True,Home Run,Jake Bauers homers (1) on a fly ball to right field. Christian Yelich scores. Brandon Lockridge scores.,0.0,-1.45,4.191851110161264,2,0.2306671630537016,2.7468457408198947,1.624,3.217,thrown_to_brewers
823812,2026-03-26,233f996a-704d-37ff-8cd9-ba84b70cae99,7,68,1,Sal Frelick,Jedixson Paez,4-Seam Fastball,92.4,called_strike,False,Groundout,"Sal Frelick grounds out, shortstop Colson Montgomery to first baseman Munetaka Murakami.",3.2637085765371747,1.8137085765371745,0.0,12,0.2088746337047196,3.3349757147114314,1.546,3.063,thrown_to_brewers
823812,2026-03-26,c85992b9-9e13-3ee8-826b-f1ea8f442125,7,68,2,Sal Frelick,Jedixson Paez,Cutter,88.5,foul,True,Groundout,"Sal Frelick grounds out, shortstop Colson Montgomery to first baseman Munetaka Murakami.",0.0,-1.45,0.7837871203398408,1,-0.47537386230343337,2.8768510733050134,1.546,3.063,thrown_to_brewers
823812,2026-03-26,bac515c5-215d-3c32-ada2-f1a00b3b44f6,7,68,3,Sal Frelick,Jedixson Paez,Changeup,84.9,hit_into_play,True,Groundout,"Sal Frelick grounds out, shortstop Colson Montgomery to first baseman Munetaka Murakami.",1.0750160640908257,-0.3749839359091743,0.0,8,0.048923006087667975,1.4564153279924312,1.546,3.063,thrown_to_brewers
823812,2026-03-26,d7f60971-97f3-3adf-a1be-a339d022b464,8,75,1,David Hamilton,Jordan Leasure,4-Seam Fastball,96.2,ball,False,Flyout,David Hamilton flies out sharply to right fielder Everson Pereira.,4.6217787360274825,3.1717787360274823,0.0,14,0.4989337877741469,1.1968517719977099,1.582,3.135,thrown_to_brewers
823812,2026-03-26,e86568e3-e1cb-37de-b3a3-c0608540df7e,8,75,2,David Hamilton,Jordan Leasure,4-Seam Fastball,95.3,hit_into_play,True,Flyout,David Hamilton flies out sharply to right fielder Everson Pereira.,0.0,-1.45,0.0,6,0.6222285053629759,2.2629728514428913,1.582,3.135,thrown_to_brewers
823812,2026-03-26,d62c2c97-9d09-3def-8522-11e385edae57,8,76,1,Blake Perkins,Jordan Leasure,4-Seam Fastball,96.3,called_strike,True,Pop Out,Blake Perkins pops out to catcher Edgar Quero in foul territory.,0.0,-1.45,4.009698861609449,8,0.05612940911656561,2.076974905134121,1.622,3.214,thrown_to_brewers
823812,2026-03-26,28e046e5-70e0-3c5e-8a2a-378bdbf21b51,8,76,2,Blake Perkins,Jordan Leasure,Slider,87.4,ball,False,Pop Out,Blake Perkins pops out to catcher Edgar Quero in foul territory.,4.963862436947165,3.513862436947165,0.0,14,0.9456913747409702,1.2834539360618429,1.622,3.214,thrown_to_brewers
823812,2026-03-26,c16533f2-d18c-3644-9436-54eabd2589d0,8,76,3,Blake Perkins,Jordan Leasure,Slider,88.2,ball,False,Pop Out,Blake Perkins pops out to catcher Edgar Quero in foul territory.,10.716698007075768,9.266698007075767,0.0,14,0.8431824094776277,0.7392324166174715,1.622,3.214,thrown_to_brewers
823812,2026-03-26,38f1f7e0-bd1f-3112-b553-fc4f995140ea,8,76,4,Blake Perkins,Jordan Leasure,4-Seam Fastball,96.0,foul,True,Pop Out,Blake Perkins pops out to catcher Edgar Quero in foul territory.,0.0,-1.45,2.282661996388795,6,0.396944833634267,2.5319340865263924,1.622,3.214,thrown_to_brewers
823812,2026-03-26,97511e83-0d4b-3f60-aef6-331a08be6850,8,76,5,Blake Perkins,Jordan Leasure,4-Seam Fastball,95.3,hit_into_play,False,Pop Out,Blake Perkins pops out to catcher Edgar Quero in foul territory.,1.9874817656442136,0.5374817656442137,0.0,12,0.8736234804703511,3.179078260490861,1.622,3.214,thrown_to_brewers
823812,2026-03-26,ad35d12c-3018-39b4-9220-00600b376d84,8,77,1,Luis Rengifo,Jordan Leasure,Slider,86.9,swinging_strike,False,Flyout,Luis Rengifo flies out to shortstop Colson Montgomery.,9.378831320220286,7.928831320220285,0.0,14,0.0855395677944053,0.7764307233149763,1.558,3.087,thrown_to_brewers
823812,2026-03-26,161adc44-323e-3f86-abbb-f1d57579a312,8,77,2,Luis Rengifo,Jordan Leasure,Slider,87.7,foul,True,Flyout,Luis Rengifo flies out to shortstop Colson Montgomery.,0.0,-1.45,6.640817783228984,5,0.03376518473091794,2.3848613715996745,1.558,3.087,thrown_to_brewers
823812,2026-03-26,35ff0e9d-165c-3937-8118-1e30c5de5351,8,77,3,Luis Rengifo,Jordan Leasure,4-Seam Fastball,95.4,ball,False,Flyout,Luis Rengifo flies out to shortstop Colson Montgomery.,7.160714196886303,5.710714196886303,0.0,12,1.0788072241758095,3.5545298279948856,1.558,3.087,thrown_to_brewers
823812,2026-03-26,97ba5517-9d70-36f2-8f59-2601b1c7b6d2,8,77,4,Luis Rengifo,Jordan Leasure,Slider,87.5,hit_into_play,False,Flyout,Luis Rengifo flies out to shortstop Colson Montgomery.,3.399751177300377,1.9497511773003766,0.0,14,0.9913125981083647,2.1854431881442977,1.558,3.087,thrown_to_brewers
823811,2026-03-28,56a8c043-941f-36f9-b6ac-d8351f926a72,1,6,1,Brice Turang,Sean Burke,4-Seam Fastball,90.3,ball,False,Double,Brice Turang doubles (2) on a fly ball to left fielder Andrew Benintendi.,6.843238209260942,5.393238209260942,0.0,11,-0.24963712576966834,3.780269850771745,1.62,3.21,thrown_to_brewers
823811,2026-03-28,f5bad05e-d5a5-33b5-ab67-371c9504fa0b,1,6,2,Brice Turang,Sean Burke,4-Seam Fastball,93.4,foul,True,Double,Brice Turang doubles (2) on a fly ball to left fielder Andrew Benintendi.,0.0,-1.45,1.9502203005151086,2,-0.22221552330392536,2.9266483082904076,1.62,3.21,thrown_to_brewers
823811,2026-03-28,77cc6731-6737-3799-b02e-2aa57cf7adeb,1,6,3,Brice Turang,Sean Burke,Sinker,93.0,hit_into_play,True,Double,Brice Turang doubles (2) on a fly ball to left fielder Andrew Benintendi.,0.0,-1.45,2.255346460025824,1,-0.35447333130655645,2.9012211283311813,1.62,3.21,thrown_to_brewers
823811,2026-03-28,b0089e85-100c-3c5e-ae0c-4849ba6f489c,1,7,1,William Contreras,Sean Burke,4-Seam Fastball,92.8,ball,False,Groundout,"William Contreras grounds out, pitcher Sean Burke to first baseman Munetaka Murakami. Brice Turang to 3rd.",14.520917556379533,13.070917556379534,0.0,11,-1.6890357255564918,3.841416509946643,1.581,3.133,thrown_to_brewers
823811,2026-03-28,70118c55-3ad1-302e-b4b8-efbcaaf1d2b7,1,7,2,William Contreras,Sean Burke,4-Seam Fastball,92.8,ball,False,Groundout,"William Contreras grounds out, pitcher Sean Burke to first baseman Munetaka Murakami. Brice Turang to 3rd.",7.977970441541363,6.527970441541362,0.0,11,-0.5620148659288449,3.797830870128447,1.581,3.133,thrown_to_brewers
823811,2026-03-28,63efaa46-ddf6-3d77-a8df-e1f3b768eee9,1,7,3,William Contreras,Sean Burke,Slider,85.7,called_strike,True,Groundout,"William Contreras grounds out, pitcher Sean Burke to first baseman Munetaka Murakami. Brice Turang to 3rd.",0.0,-1.45,5.185107292772715,5,0.15507439226894038,2.3307287891453634,1.581,3.133,thrown_to_brewers
823811,2026-03-28,355400ae-f9fe-35e3-9916-d2b8379d1e98,1,7,4,William Contreras,Sean Burke,4-Seam Fastball,93.1,swinging_strike,True,Groundout,"William Contreras grounds out, pitcher Sean Burke to first baseman Munetaka Murakami. Brice Turang to 3rd.",0.0,-1.45,3.978361990995716,8,0.14492039421840697,2.033363499249643,1.581,3.133,thrown_to_brewers
823811,2026-03-28,f6f3e0a5-674b-3c49-80d1-88c6c01b7754,1,7,5,William Contreras,Sean Burke,Slider,87.3,ball,False,Groundout,"William Contreras grounds out, pitcher Sean Burke to first baseman Munetaka Murakami. Brice Turang to 3rd.",7.685198624976378,6.235198624976378,0.0,14,0.5995654362300966,0.9405667812519685,1.581,3.133,thrown_to_brewers
823811,2026-03-28,c3e1f6ef-e10c-38ef-8320-66bc90328db8,1,7,6,William Contreras,Sean Burke,4-Seam Fastball,94.1,foul,False,Groundout,"William Contreras grounds out, pitcher Sean Burke to first baseman Munetaka Murakami. Brice Turang to 3rd.",7.214284223013564,5.764284223013564,0.0,12,0.3532294212116436,3.734190351917797,1.581,3.133,thrown_to_brewers
823811,2026-03-28,fbb09ca5-fa44-31c6-89b2-908de3097794,1,7,7,William Contreras,Sean Burke,Sinker,94.8,hit_into_play,True,Groundout,"William Contreras grounds out, pitcher Sean Burke to first baseman Munetaka Murakami. Brice Turang to 3rd.",0.0,-1.45,3.2070538285112242,6,0.31991218095739793,2.1557967067812784,1.581,3.133,thrown_to_brewers
823811,2026-03-28,84d7b2c8-0f6d-33e1-9065-c52fe436c670,1,8,1,Christian Yelich,Sean Burke,4-Seam Fastball,95.8,ball,False,Single,Christian Yelich singles on a ground ball to right fielder Everson Pereira. Brice Turang scores.,7.441039572817406,5.991039572817405,0.0,11,-1.282907505398676,3.6003548800126186,1.7,3.368,thrown_to_brewers
823811,2026-03-28,a1f26031-c1fc-3b3d-9996-5d080311cbf6,1,8,2,Christian Yelich,Sean Burke,4-Seam Fastball,92.5,hit_into_play,True,Single,Christian Yelich singles on a ground ball to right fielder Everson Pereira. Brice Turang scores.,0.9528239889881229,-0.4971760110118771,0.0,9,0.7874019990823435,1.749163383879151,1.7,3.368,thrown_to_brewers
823811,2026-03-28,a27a431d-b083-3db0-a757-8a0839047164,1,9,1,Jake Bauers,Sean Burke,4-Seam Fastball,93.2,foul,False,Single,Jake Bauers singles on a ground ball to right fielder Everson Pereira. Christian Yelich to 3rd. Jake Bauers to 2nd.,3.6238461055321647,2.1738461055321645,0.0,11,-0.10142670079146066,3.518987175461014,1.624,3.217,thrown_to_brewers
823811,2026-03-28,f60aac6a-9815-3b25-be66-06b891339e60,1,9,2,Jake Bauers,Sean Burke,Knuckle Curve,79.3,hit_into_play,True,Single,Jake Bauers singles on a ground ball to right fielder Everson Pereira. Christian Yelich to 3rd. Jake Bauers to 2nd.,0.0,-1.45,3.6656909740948507,6,0.28169241882542906,2.1351705980927322,1.624,3.217,thrown_to_brewers
823811,2026-03-28,2da36c58-5b44-3387-8a87-f7930d387244,1,10,1,Garrett Mitchell,Sean Burke,Knuckle Curve,78.3,hit_into_play,True,Single,Garrett Mitchell singles on a ground ball to center fielder Tristan Peters. Christian Yelich scores. Jake Bauers scores.,0.0,-1.45,4.583118409747775,8,0.20297203959672716,2.164759867478981,1.662,3.293,thrown_to_brewers
823811,2026-03-28,849fbeac-7267-37b3-82fb-b4c008fbfb32,1,11,1,Sal Frelick,Sean Burke,Knuckle Curve,77.9,blocked_ball,False,Flyout,Sal Frelick flies out to left fielder Andrew Benintendi.,11.931559562222475,10.481559562222476,0.0,13,-0.3788468084859604,0.5517033698147937,1.546,3.063,thrown_to_brewers
823811,2026-03-28,749af312-2818-30f5-9f27-85c472792bad,1,11,2,Sal Frelick,Sean Burke,4-Seam Fastball,93.4,foul,True,Flyout,Sal Frelick flies out to left fielder Andrew Benintendi.,0.0,-1.45,0.0,1,-0.563526536928519,3.0465090234368524,1.546,3.063,thrown_to_brewers
823811,2026-03-28,1e05ac3b-14ba-3a8e-8595-967662e0439e,1,11,3,Sal Frelick,Sean Burke,4-Seam Fastball,94.1,foul,True,Flyout,Sal Frelick flies out to left fielder Andrew Benintendi.,0.0,-1.45,5.903818046974487,5,-0.09518182941879272,2.4234482048621886,1.546,3.063,thrown_to_brewers
823811,2026-03-28,edec46ad-ddc6-351a-8778-0e7e5834ec40,1,11,4,Sal Frelick,Sean Burke,Knuckle Curve,81.0,ball,False,Flyout,Sal Frelick flies out to left fielder Andrew Benintendi.,9.410707931055843,7.960707931055843,0.0,13,-0.2902328226308404,0.7617743390786798,1.546,3.063,thrown_to_brewers
823811,2026-03-28,4fca673c-8c26-3e8d-bef1-73b662963081,1,11,5,Sal Frelick,Sean Burke,4-Seam Fastball,95.0,foul,False,Flyout,Sal Frelick flies out to left fielder Andrew Benintendi.,1.9019119533828839,0.45191195338288387,0.0,13,-0.866492662781907,2.286177544609223,1.546,3.063,thrown_to_brewers
823811,2026-03-28,33049ef6-0994-3391-a858-9b1c975e3a05,1,11,6,Sal Frelick,Sean Burke,4-Seam Fastball,95.4,foul,True,Flyout,Sal Frelick flies out to left fielder Andrew Benintendi.,0.0,-1.45,0.13883892737394382,2,-0.0369765337935295,2.9305967560521715,1.546,3.063,thrown_to_brewers
823811,2026-03-28,4c15a25f-a78f-3dd9-a649-3fa8384e830a,1,11,7,Sal Frelick,Sean Burke,Slider,86.5,foul,True,Flyout,Sal Frelick flies out to left fielder Andrew Benintendi.,0.0,-1.45,2.764640930504621,6,0.3567799224579482,2.0243989882340347,1.546,3.063,thrown_to_brewers
823811,2026-03-28,34324779-ff92-3b64-a7ee-561c7442f126,1,11,8,Sal Frelick,Sean Burke,Changeup,86.7,foul,True,Flyout,Sal Frelick flies out to left fielder Andrew Benintendi.,0.0,-1.45,2.2930577132175483,8,-0.2741679044419536,1.8579214761014624,1.546,3.063,thrown_to_brewers
823811,2026-03-28,03f62db3-29cd-356b-94e5-8f52b467523f,1,11,9,Sal Frelick,Sean Burke,4-Seam Fastball,92.2,blocked_ball,False,Flyout,Sal Frelick flies out to left fielder Andrew Benintendi.,17.498931053686533,16.048931053686534,0.0,14,0.6137208463905441,0.0877557455261222,1.546,3.063,thrown_to_brewers
823811,2026-03-28,1c30f43e-2201-314e-82c7-37817db5560b,1,11,10,Sal Frelick,Sean Burke,4-Seam Fastball,95.1,hit_into_play,True,Flyout,Sal Frelick flies out to left fielder Andrew Benintendi.,0.0,-1.45,0.4468732537990389,4,-0.54992722885008,2.4439305286053146,1.546,3.063,thrown_to_brewers
823811,2026-03-28,7805451c-2dc1-3823-9817-a1e995b5f5b9,1,12,1,Joey Ortiz,Sean Burke,Slider,87.0,foul,True,Strikeout,Joey Ortiz strikes out swinging.,0.0,-1.45,0.0,4,-0.6393340824269993,2.5825087593031353,1.583,3.137,thrown_to_brewers
823811,2026-03-28,29d6d18f-1c44-383f-b47f-380aa98fdfdc,1,12,2,Joey Ortiz,Sean Burke,Slider,87.1,blocked_ball,False,Strikeout,Joey Ortiz strikes out swinging.,20.62117824085781,19.17117824085781,0.0,14,1.5974260439616885,0.11265031319150065,1.583,3.137,thrown_to_brewers
823811,2026-03-28,c5364a5c-83d2-3846-9dfc-399713b6bca4,1,12,3,Joey Ortiz,Sean Burke,Slider,85.4,called_strike,True,Strikeout,Joey Ortiz strikes out swinging.,0.0,-1.45,0.5750322083887796,2,-0.08520226871105319,2.9682473159676017,1.583,3.137,thrown_to_brewers
823811,2026-03-28,d02af884-ec56-30ff-bd2a-1b850ade4b33,1,12,4,Joey Ortiz,Sean Burke,4-Seam Fastball,94.9,swinging_strike,False,Strikeout,Joey Ortiz strikes out swinging.,1.978946918527944,0.5289469185279441,0.0,11,-0.5709537939296594,3.301912243210662,1.583,3.137,thrown_to_brewers
